Designator,Footprint,Quantity,Value,LCSC Part #
C1,1206,1,100nF,C24497
"C2, C6, C7",CP_Elec_6.3x7.7,3,100uf,C125975
C3,CP_Elec_10x10,1,220uF,C125977
C4,1206,1,100nF,C24497
C5,CP_OFFBOARD_D10.0mm_P5.00mm,1,C_Optional,
"H1, H2, H3",jlcpcb assembly tooling hole,3,tooling hole for jlcpcb,
H4,jlcpcb order number,1,jlcpcb order number,
J1,PinHeader_1x01_P2.54mm_Vertical,1,-10V_out,
J2,PinHeader_1x01_P2.54mm_Vertical,1,GND,
J3,PinHeader_1x01_P2.54mm_Vertical,1,VOUT,
J4,PinHeader_1x01_P2.54mm_Vertical,1,NC,
J5,PinHeader_1x01_P2.54mm_Vertical,1,12v_in,
JP1,SolderJumper-2_P1.3mm_Bridged_RoundedPad1.0x1.5mm,1,more power,
"U1, U2",SOIC-8_3.9x4.9mm_P1.27mm,2,ICL7660,C7881
